seconds_before,a,b,measure,diff,lo95,hi95,lo975,hi975
0.5,gaze point,angles,top1,0.06379821958456973,0.051987622409449125,0.07542289314809161,0.04981036195165464,0.07696418150663291
0.5,gaze point,angles,top5,0.07368941641938674,0.05906932767450396,0.08880505546532763,0.05676458000269432,0.0908836336754532
0.5,gaze point,head point,top1,0.04327398615232443,0.030187367052178112,0.05901822356747399,0.028337925946002922,0.06168738054766254
0.5,gaze point,head point,top5,0.06577645895153314,0.05176615754863251,0.08193006353530637,0.05001580730139447,0.08418266695809316
0.5,gaze history 3 s,angles,top1,0.0722057368941642,0.060081010346403875,0.08539048201120855,0.058221859532343406,0.08738274506075952
0.5,gaze history 3 s,angles,top5,0.07937685459940653,0.06342824050698158,0.09364323723124275,0.061040299031463505,0.09567817568007307
0.5,gaze history 3 s,head history 3 s,top1,0.05934718100890208,0.04515920195641856,0.07768199027573465,0.043601884258178666,0.08045822025322791
0.5,gaze history 3 s,head history 3 s,top5,0.06800197823936696,0.05347838644348337,0.08190490708478514,0.0513469234750714,0.08413055860749113
0.5,gaze history 1 s,head history 1 s,top1,0.064540059347181,0.05069378917735867,0.08088408305256287,0.049178277859640004,0.08266263005608
0.5,gaze history 1 s,head history 1 s,top5,0.06948565776458951,0.05829574734286352,0.08178877502818613,0.05674650995367472,0.08357837271554938
0.5,gaze history 6 s,head history 6 s,top1,0.056874381800197826,0.038841712267345035,0.07518421518588769,0.03619873557027035,0.07738196647611917
0.5,gaze history 6 s,head history 6 s,top5,0.06899109792284866,0.0530435828710279,0.08560019313973734,0.050896923902416076,0.08789467474750476
0.5,angles,scene,top1,-0.009396636993076163,-0.015466388283825981,-0.0029489078104609737,-0.016344855216343972,-0.002032136649568657
0.5,angles,scene,top5,-0.016815034619188922,-0.025110195982764635,-0.008245429732826087,-0.02616897626186427,-0.007309208427193706
0.5,gaze point,scene,top1,0.05440158259149357,0.042012961488073125,0.06714101815074316,0.03992832063781081,0.06934205205463437
0.5,gaze point,scene,top5,0.056874381800197826,0.04259249345705449,0.07124035290237467,0.04020708913623846,0.0734044049918463
0.5,head point,scene,top1,0.01112759643916914,0.00040168495050753523,0.02015060162103377,-0.0008712183020425199,0.021461810426463123
0.5,head point,scene,top5,-0.008902077151335312,-0.022429476208985027,0.0030389666043344698,-0.02469827963825867,0.0048667966614266735
1.0,gaze point,angles,top1,0.02101879327398615,0.006182776610368713,0.03671933075564806,0.0039544114271523505,0.03945158080508333
1.0,gaze point,angles,top5,0.022997032640949554,0.007325036672502725,0.03666762641837618,0.005253535948788725,0.038505066226441974
1.0,gaze point,head point,top1,0.020771513353115726,0.008758755850872314,0.03504523934007202,0.006753629952292065,0.03733722408289343
1.0,gaze point,head point,top5,0.04179030662710188,0.02622418025715209,0.05666910262483633,0.024339012529507494,0.058815079483924525
1.0,gaze history 3 s,angles,top1,0.028684470820969338,0.013270044618273113,0.044190995241148466,0.010510380770411819,0.046020457202545224
1.0,gaze history 3 s,angles,top5,0.03214638971315529,0.014804870456415167,0.050683712121212095,0.012584584885958478,0.05345669024882882
1.0,gaze history 3 s,head history 3 s,top1,0.0351137487636004,0.025260432038808903,0.045867408207343405,0.02423200704642851,0.04726772946836462
1.0,gaze history 3 s,head history 3 s,top5,0.04896142433234421,0.03428896516822719,0.0636018268823077,0.03248102499732337,0.06543473290590933
1.0,gaze history 1 s,head history 1 s,top1,0.01805143422354105,0.006883853836684026,0.030564916605214168,0.00560918156021877,0.0325405857034134
1.0,gaze history 1 s,head history 1 s,top5,0.009396636993076163,-0.007473953338010352,0.027480804597475546,-0.00949902449423045,0.030689047478430456
1.0,gaze history 6 s,head history 6 s,top1,0.022007912957467853,0.012217137298321657,0.03268043565549086,0.010833724624360618,0.03414086182028032
1.0,gaze history 6 s,head history 6 s,top5,0.049950544015825916,0.03424138901239144,0.0683964656822532,0.03212667549742156,0.0709922479481646
1.0,angles,scene,top1,-0.0019782393669634025,-0.007256406926892327,0.0028450515292620542,-0.007999514850798979,0.0035146427283144076
1.0,angles,scene,top5,-0.002472799208704253,-0.008416462870187505,0.003565565552919236,-0.009376428011782515,0.004440229541195891
1.0,gaze point,scene,top1,0.01904055390702275,0.006066805613093013,0.032915380464668235,0.0045144361325546,0.03566235595141384
1.0,gaze point,scene,top5,0.0205242334322453,0.004330609419732063,0.03546315567619642,0.002415354885021837,0.03780977510676933
1.0,head point,scene,top1,-0.0017309594460929772,-0.011244398371302556,0.007788879825900732,-0.012064711243491278,0.009276340373713216
1.0,head point,scene,top5,-0.02126607319485658,-0.03463652165417582,-0.00770480336827252,-0.03641990747477687,-0.005410353742282789
2.0,gaze point,angles,top1,0.009149357072205737,-0.00028114568215952804,0.018094004150460655,-0.0018981762917933123,0.01919654558912407
2.0,gaze point,angles,top5,0.011374876360039565,0.00022888965461326436,0.024051390869895283,-0.0013865671904770669,0.025689761423531948
2.0,gaze point,head point,top1,0.012611275964391691,0.004088728160209014,0.02207930398273752,0.0026508009374785683,0.02373700557105062
2.0,gaze point,head point,top5,0.011869436201780416,-0.0022080343951695605,0.026824452943059886,-0.003973537670175002,0.029253570881633335
2.0,gaze history 3 s,angles,top1,0.019287833827893175,0.0033782610502941924,0.03490937650376533,0.0007114808315539449,0.03675343484187276
2.0,gaze history 3 s,angles,top5,0.015084075173095944,-0.0031322077360436146,0.033021203401089196,-0.006410682441512594,0.035710879509938474
2.0,gaze history 3 s,head history 3 s,top1,0.030415430267062313,0.01821397272830028,0.04317813711256443,0.01643896239399725,0.04522567878647322
2.0,gaze history 3 s,head history 3 s,top5,0.00791295746785361,-0.00799492701775241,0.023915987020959387,-0.010549607925998968,0.026380657214916784
2.0,gaze history 1 s,head history 1 s,top1,0.01533135509396637,0.0049142893926378845,0.025162585959181225,0.003341277734316483,0.02679335671367367
2.0,gaze history 1 s,head history 1 s,top5,0.013353115727002967,-0.002647857080147348,0.025946393258609528,-0.004934696688645004,0.027560370394831613
2.0,gaze history 6 s,head history 6 s,top1,0.023986152324431256,0.013311402609491834,0.03633527459398361,0.01188165612345761,0.03796534948765583
2.0,gaze history 6 s,head history 6 s,top5,0.012858555885262116,-0.0027465274066297935,0.029794372943354644,-0.004898592157454845,0.03277006169976737
2.0,angles,scene,top1,0.0017309594460929772,-0.0015958076533531987,0.005485983709398292,-0.0019859728907047256,0.006000921182116629
2.0,angles,scene,top5,0.0,-0.0035596802995137384,0.0034248610061095785,-0.0041520772091596676,0.003875968992248062
2.0,gaze point,scene,top1,0.010880316518298714,0.002383066010864246,0.01949886297016359,0.00097204161978357,0.02055661613585482
2.0,gaze point,scene,top5,0.011374876360039565,0.00046407787951576043,0.023518620994964302,-0.0010216352713160117,0.025391499764481736
2.0,head point,scene,top1,-0.0017309594460929772,-0.008117719949255883,0.00460202172745536,-0.00893402731877514,0.005253907260777308
2.0,head point,scene,top5,-0.0004945598417408506,-0.012960905074307133,0.011179772253737355,-0.015394848176068864,0.012850334036702958
4.0,gaze point,angles,top1,0.0017318159327065809,-0.008673729218273899,0.010652267860268301,-0.010134422028849774,0.011834216296689739
4.0,gaze point,angles,top5,-0.0032162295893122216,-0.014719497536495768,0.006713135772213913,-0.016664237442172727,0.008271309551598638
4.0,gaze point,head point,top1,0.006927263730826323,-0.002623588639716199,0.016410232999536048,-0.004020097657444832,0.01771319937485052
4.0,gaze point,head point,top5,0.010390895596239486,-0.0028585565410619556,0.022638053603201057,-0.004610570466258785,0.024439761706697087
4.0,gaze history 3 s,angles,top1,0.006432459178624443,-0.004385684150666453,0.016114538867057108,-0.0062294153422533406,0.0173516064342504
4.0,gaze history 3 s,angles,top5,-0.008906481939633844,-0.022674772248114244,0.006651333530881532,-0.024471793624806656,0.00906456110070768
4.0,gaze history 3 s,head history 3 s,top1,0.0039584364176150424,-0.010897065774158513,0.019662641272264605,-0.012774129008212513,0.021783637332198253
4.0,gaze history 3 s,head history 3 s,top5,-0.0012370113805047005,-0.024106319835049045,0.02067259934519689,-0.027415631610908046,0.023822983860826177
4.0,gaze history 1 s,head history 1 s,top1,0.011627906976744186,0.0025122487437185944,0.02138184422750424,0.0010181710931663544,0.022709415119309108
4.0,gaze history 1 s,head history 1 s,top5,0.007669470559129144,-0.003939420361341119,0.021363538581151136,-0.005539558471837903,0.02355832806908532
4.0,gaze history 6 s,head history 6 s,top1,0.009153884215734785,-0.0007732612871043699,0.020546587576399454,-0.001992329617564935,0.022287988836177382
4.0,gaze history 6 s,head history 6 s,top5,0.016081147946561108,0.004038585317527959,0.028811529645200593,0.002334018314871464,0.030532489237406448
4.0,angles,scene,top1,0.0047006432459178625,0.0019137842000155382,0.007647582243016378,0.0015721460834120734,0.008023669397935173
4.0,angles,scene,top5,0.006432459178624443,0.0,0.011627965267835907,-0.0008265123516678069,0.01228485311637098
4.0,gaze point,scene,top1,0.006432459178624443,-0.003953845498462552,0.01588541857936409,-0.005515240821215809,0.017120734386594026
4.0,gaze point,scene,top5,0.0032162295893122216,-0.008931056065327004,0.013927691662028875,-0.010671214120559587,0.015469526518305552
4.0,head point,scene,top1,-0.0004948045522018803,-0.008518175668904698,0.007074647088597516,-0.009742481206997937,0.008165744955269547
4.0,head point,scene,top5,-0.007174666006927264,-0.01743041695496873,0.0028636005803149536,-0.018710699224339183,0.004608093849592829
