clip,participant,recording,model,variant,arm,mse
0,P08,P08-20240613-122900,stock_ac,real,stock_ac:real,0.6410132646560669
0,P08,P08-20240613-122900,stock_ac,mask,stock_ac:mask,0.6341179609298706
0,P08,P08-20240613-122900,stock_ac,zeros,stock_ac:zeros,0.6413572430610657
0,P08,P08-20240613-122900,stock_ac,mean,stock_ac:mean,0.6372025609016418
1,P08,P08-20240613-122900,stock_ac,real,stock_ac:real,0.7201375365257263
1,P08,P08-20240613-122900,stock_ac,mask,stock_ac:mask,0.7137940526008606
1,P08,P08-20240613-122900,stock_ac,zeros,stock_ac:zeros,0.7061163783073425
1,P08,P08-20240613-122900,stock_ac,mean,stock_ac:mean,0.7089744210243225
2,P08,P08-20240613-122900,stock_ac,real,stock_ac:real,0.6188532710075378
2,P08,P08-20240613-122900,stock_ac,mask,stock_ac:mask,0.6297162175178528
2,P08,P08-20240613-122900,stock_ac,zeros,stock_ac:zeros,0.6188069581985474
2,P08,P08-20240613-122900,stock_ac,mean,stock_ac:mean,0.6209948658943176
3,P08,P08-20240613-122900,stock_ac,real,stock_ac:real,0.6191582679748535
3,P08,P08-20240613-122900,stock_ac,mask,stock_ac:mask,0.6220452785491943
3,P08,P08-20240613-122900,stock_ac,zeros,stock_ac:zeros,0.6162078380584717
3,P08,P08-20240613-122900,stock_ac,mean,stock_ac:mean,0.6173701882362366
4,P08,P08-20240613-122900,stock_ac,real,stock_ac:real,0.6960764527320862
4,P08,P08-20240613-122900,stock_ac,mask,stock_ac:mask,0.701029360294342
4,P08,P08-20240613-122900,stock_ac,zeros,stock_ac:zeros,0.6961853504180908
4,P08,P08-20240613-122900,stock_ac,mean,stock_ac:mean,0.6934881210327148
5,P08,P08-20240613-122900,stock_ac,real,stock_ac:real,0.6750817894935608
5,P08,P08-20240613-122900,stock_ac,mask,stock_ac:mask,0.6763492226600647
5,P08,P08-20240613-122900,stock_ac,zeros,stock_ac:zeros,0.6683294177055359
5,P08,P08-20240613-122900,stock_ac,mean,stock_ac:mean,0.6673185229301453
6,P08,P08-20240613-122900,stock_ac,real,stock_ac:real,0.616483211517334
6,P08,P08-20240613-122900,stock_ac,mask,stock_ac:mask,0.6054589748382568
6,P08,P08-20240613-122900,stock_ac,zeros,stock_ac:zeros,0.6039213538169861
6,P08,P08-20240613-122900,stock_ac,mean,stock_ac:mean,0.6056272983551025
7,P08,P08-20240613-122900,stock_ac,real,stock_ac:real,0.4127614498138428
7,P08,P08-20240613-122900,stock_ac,mask,stock_ac:mask,0.4220360219478607
7,P08,P08-20240613-122900,stock_ac,zeros,stock_ac:zeros,0.4079335033893585
7,P08,P08-20240613-122900,stock_ac,mean,stock_ac:mean,0.4148508608341217
8,P08,P08-20240613-122900,stock_ac,real,stock_ac:real,0.38570812344551086
8,P08,P08-20240613-122900,stock_ac,mask,stock_ac:mask,0.3807814121246338
8,P08,P08-20240613-122900,stock_ac,zeros,stock_ac:zeros,0.37914595007896423
8,P08,P08-20240613-122900,stock_ac,mean,stock_ac:mean,0.38458141684532166
9,P08,P08-20240613-122900,stock_ac,real,stock_ac:real,0.7440702319145203
9,P08,P08-20240613-122900,stock_ac,mask,stock_ac:mask,0.7372502684593201
9,P08,P08-20240613-122900,stock_ac,zeros,stock_ac:zeros,0.7551358342170715
9,P08,P08-20240613-122900,stock_ac,mean,stock_ac:mean,0.759248673915863
10,P08,P08-20240613-122900,stock_ac,real,stock_ac:real,0.5333201289176941
10,P08,P08-20240613-122900,stock_ac,mask,stock_ac:mask,0.5263972282409668
10,P08,P08-20240613-122900,stock_ac,zeros,stock_ac:zeros,0.5262175798416138
10,P08,P08-20240613-122900,stock_ac,mean,stock_ac:mean,0.5358105897903442
11,P08,P08-20240613-122900,stock_ac,real,stock_ac:real,0.767697274684906
11,P08,P08-20240613-122900,stock_ac,mask,stock_ac:mask,0.771080493927002
11,P08,P08-20240613-122900,stock_ac,zeros,stock_ac:zeros,0.7824374437332153
11,P08,P08-20240613-122900,stock_ac,mean,stock_ac:mean,0.7686255574226379
12,P08,P08-20240613-122900,stock_ac,real,stock_ac:real,0.7167704701423645
12,P08,P08-20240613-122900,stock_ac,mask,stock_ac:mask,0.6564120650291443
12,P08,P08-20240613-122900,stock_ac,zeros,stock_ac:zeros,0.6679624319076538
12,P08,P08-20240613-122900,stock_ac,mean,stock_ac:mean,0.6721181869506836
13,P08,P08-20240613-122900,stock_ac,real,stock_ac:real,0.40755507349967957
13,P08,P08-20240613-122900,stock_ac,mask,stock_ac:mask,0.38058415055274963
13,P08,P08-20240613-122900,stock_ac,zeros,stock_ac:zeros,0.3852598965167999
13,P08,P08-20240613-122900,stock_ac,mean,stock_ac:mean,0.3973330557346344
14,P08,P08-20240613-122900,stock_ac,real,stock_ac:real,0.543350875377655
14,P08,P08-20240613-122900,stock_ac,mask,stock_ac:mask,0.5183200836181641
14,P08,P08-20240613-122900,stock_ac,zeros,stock_ac:zeros,0.5185332298278809
14,P08,P08-20240613-122900,stock_ac,mean,stock_ac:mean,0.5237870216369629
15,P08,P08-20240613-122900,stock_ac,real,stock_ac:real,0.6112281084060669
15,P08,P08-20240613-122900,stock_ac,mask,stock_ac:mask,0.6060778498649597
15,P08,P08-20240613-122900,stock_ac,zeros,stock_ac:zeros,0.6134852766990662
15,P08,P08-20240613-122900,stock_ac,mean,stock_ac:mean,0.6084543466567993
16,P08,P08-20240613-122900,stock_ac,real,stock_ac:real,0.3507167398929596
16,P08,P08-20240613-122900,stock_ac,mask,stock_ac:mask,0.3652595281600952
16,P08,P08-20240613-122900,stock_ac,zeros,stock_ac:zeros,0.36087560653686523
16,P08,P08-20240613-122900,stock_ac,mean,stock_ac:mean,0.3641184866428375
17,P08,P08-20240613-122900,stock_ac,real,stock_ac:real,0.405366986989975
17,P08,P08-20240613-122900,stock_ac,mask,stock_ac:mask,0.42752158641815186
17,P08,P08-20240613-122900,stock_ac,zeros,stock_ac:zeros,0.41940760612487793
17,P08,P08-20240613-122900,stock_ac,mean,stock_ac:mean,0.41348960995674133
18,P08,P08-20240613-122900,stock_ac,real,stock_ac:real,0.5096325874328613
18,P08,P08-20240613-122900,stock_ac,mask,stock_ac:mask,0.50446617603302
18,P08,P08-20240613-122900,stock_ac,zeros,stock_ac:zeros,0.5140299797058105
18,P08,P08-20240613-122900,stock_ac,mean,stock_ac:mean,0.523076593875885
19,P08,P08-20240613-122900,stock_ac,real,stock_ac:real,0.8434281945228577
19,P08,P08-20240613-122900,stock_ac,mask,stock_ac:mask,0.7915958166122437
19,P08,P08-20240613-122900,stock_ac,zeros,stock_ac:zeros,0.7939321398735046
19,P08,P08-20240613-122900,stock_ac,mean,stock_ac:mean,0.813072144985199
20,P08,P08-20240613-122900,stock_ac,real,stock_ac:real,0.799474835395813
20,P08,P08-20240613-122900,stock_ac,mask,stock_ac:mask,0.7237955927848816
20,P08,P08-20240613-122900,stock_ac,zeros,stock_ac:zeros,0.7364851832389832
20,P08,P08-20240613-122900,stock_ac,mean,stock_ac:mean,0.7493623495101929
21,P08,P08-20240613-122900,stock_ac,real,stock_ac:real,0.7229620218276978
21,P08,P08-20240613-122900,stock_ac,mask,stock_ac:mask,0.7141366004943848
21,P08,P08-20240613-122900,stock_ac,zeros,stock_ac:zeros,0.7197386622428894
21,P08,P08-20240613-122900,stock_ac,mean,stock_ac:mean,0.7247031331062317
22,P08,P08-20240613-122900,stock_ac,real,stock_ac:real,0.6025184392929077
22,P08,P08-20240613-122900,stock_ac,mask,stock_ac:mask,0.6045603156089783
22,P08,P08-20240613-122900,stock_ac,zeros,stock_ac:zeros,0.599130392074585
22,P08,P08-20240613-122900,stock_ac,mean,stock_ac:mean,0.5994739532470703
23,P08,P08-20240613-122900,stock_ac,real,stock_ac:real,0.8018637895584106
23,P08,P08-20240613-122900,stock_ac,mask,stock_ac:mask,0.8076364398002625
23,P08,P08-20240613-122900,stock_ac,zeros,stock_ac:zeros,0.8056939244270325
23,P08,P08-20240613-122900,stock_ac,mean,stock_ac:mean,0.8135316371917725
24,P08,P08-20240613-123547,stock_ac,real,stock_ac:real,0.5352928042411804
24,P08,P08-20240613-123547,stock_ac,mask,stock_ac:mask,0.5415328145027161
24,P08,P08-20240613-123547,stock_ac,zeros,stock_ac:zeros,0.5357058644294739
24,P08,P08-20240613-123547,stock_ac,mean,stock_ac:mean,0.538580060005188
25,P08,P08-20240613-123547,stock_ac,real,stock_ac:real,0.43229588866233826
25,P08,P08-20240613-123547,stock_ac,mask,stock_ac:mask,0.451688289642334
25,P08,P08-20240613-123547,stock_ac,zeros,stock_ac:zeros,0.43089863657951355
25,P08,P08-20240613-123547,stock_ac,mean,stock_ac:mean,0.43356627225875854
26,P08,P08-20240613-123547,stock_ac,real,stock_ac:real,0.6605790853500366
26,P08,P08-20240613-123547,stock_ac,mask,stock_ac:mask,0.6622504591941833
26,P08,P08-20240613-123547,stock_ac,zeros,stock_ac:zeros,0.6602123379707336
26,P08,P08-20240613-123547,stock_ac,mean,stock_ac:mean,0.6600499749183655
27,P08,P08-20240613-123547,stock_ac,real,stock_ac:real,0.6887663006782532
27,P08,P08-20240613-123547,stock_ac,mask,stock_ac:mask,0.7000272870063782
27,P08,P08-20240613-123547,stock_ac,zeros,stock_ac:zeros,0.6958910822868347
27,P08,P08-20240613-123547,stock_ac,mean,stock_ac:mean,0.697529673576355
28,P08,P08-20240613-123547,stock_ac,real,stock_ac:real,0.45373037457466125
28,P08,P08-20240613-123547,stock_ac,mask,stock_ac:mask,0.46462199091911316
28,P08,P08-20240613-123547,stock_ac,zeros,stock_ac:zeros,0.45532462000846863
28,P08,P08-20240613-123547,stock_ac,mean,stock_ac:mean,0.4542117118835449
29,P08,P08-20240613-123547,stock_ac,real,stock_ac:real,0.5809828639030457
29,P08,P08-20240613-123547,stock_ac,mask,stock_ac:mask,0.5865825414657593
29,P08,P08-20240613-123547,stock_ac,zeros,stock_ac:zeros,0.5792145729064941
29,P08,P08-20240613-123547,stock_ac,mean,stock_ac:mean,0.5800377130508423
30,P08,P08-20240613-123547,stock_ac,real,stock_ac:real,0.7359234690666199
30,P08,P08-20240613-123547,stock_ac,mask,stock_ac:mask,0.7024987936019897
30,P08,P08-20240613-123547,stock_ac,zeros,stock_ac:zeros,0.7256700992584229
30,P08,P08-20240613-123547,stock_ac,mean,stock_ac:mean,0.7247501611709595
31,P08,P08-20240613-123547,stock_ac,real,stock_ac:real,0.6201709508895874
31,P08,P08-20240613-123547,stock_ac,mask,stock_ac:mask,0.5677588582038879
31,P08,P08-20240613-123547,stock_ac,zeros,stock_ac:zeros,0.5990821123123169
31,P08,P08-20240613-123547,stock_ac,mean,stock_ac:mean,0.6035791039466858
32,P08,P08-20240613-123547,stock_ac,real,stock_ac:real,0.6706433892250061
32,P08,P08-20240613-123547,stock_ac,mask,stock_ac:mask,0.6715930104255676
32,P08,P08-20240613-123547,stock_ac,zeros,stock_ac:zeros,0.6701481938362122
32,P08,P08-20240613-123547,stock_ac,mean,stock_ac:mean,0.6675861477851868
33,P08,P08-20240613-123547,stock_ac,real,stock_ac:real,0.7767410278320312
33,P08,P08-20240613-123547,stock_ac,mask,stock_ac:mask,0.762004554271698
33,P08,P08-20240613-123547,stock_ac,zeros,stock_ac:zeros,0.7735013365745544
33,P08,P08-20240613-123547,stock_ac,mean,stock_ac:mean,0.7811116576194763
34,P08,P08-20240613-123547,stock_ac,real,stock_ac:real,0.7001164555549622
34,P08,P08-20240613-123547,stock_ac,mask,stock_ac:mask,0.7031078338623047
34,P08,P08-20240613-123547,stock_ac,zeros,stock_ac:zeros,0.7174665331840515
34,P08,P08-20240613-123547,stock_ac,mean,stock_ac:mean,0.7255785465240479
35,P08,P08-20240613-123547,stock_ac,real,stock_ac:real,0.7400282025337219
35,P08,P08-20240613-123547,stock_ac,mask,stock_ac:mask,0.7357500195503235
35,P08,P08-20240613-123547,stock_ac,zeros,stock_ac:zeros,0.7400758862495422
35,P08,P08-20240613-123547,stock_ac,mean,stock_ac:mean,0.7337561845779419
36,P08,P08-20240613-123547,stock_ac,real,stock_ac:real,0.3876398503780365
36,P08,P08-20240613-123547,stock_ac,mask,stock_ac:mask,0.39733386039733887
36,P08,P08-20240613-123547,stock_ac,zeros,stock_ac:zeros,0.38133153319358826
36,P08,P08-20240613-123547,stock_ac,mean,stock_ac:mean,0.3848045766353607
37,P08,P08-20240613-123547,stock_ac,real,stock_ac:real,0.332221657037735
37,P08,P08-20240613-123547,stock_ac,mask,stock_ac:mask,0.3644636571407318
37,P08,P08-20240613-123547,stock_ac,zeros,stock_ac:zeros,0.35242724418640137
37,P08,P08-20240613-123547,stock_ac,mean,stock_ac:mean,0.3487766683101654
38,P08,P08-20240613-123547,stock_ac,real,stock_ac:real,0.9064478874206543
38,P08,P08-20240613-123547,stock_ac,mask,stock_ac:mask,0.8339940905570984
38,P08,P08-20240613-123547,stock_ac,zeros,stock_ac:zeros,0.8891744613647461
38,P08,P08-20240613-123547,stock_ac,mean,stock_ac:mean,0.8930853605270386
39,P08,P08-20240613-123547,stock_ac,real,stock_ac:real,0.775058925151825
39,P08,P08-20240613-123547,stock_ac,mask,stock_ac:mask,0.7707167863845825
39,P08,P08-20240613-123547,stock_ac,zeros,stock_ac:zeros,0.771449863910675
39,P08,P08-20240613-123547,stock_ac,mean,stock_ac:mean,0.7714620232582092
40,P08,P08-20240613-123547,stock_ac,real,stock_ac:real,0.3811473846435547
40,P08,P08-20240613-123547,stock_ac,mask,stock_ac:mask,0.3727383613586426
40,P08,P08-20240613-123547,stock_ac,zeros,stock_ac:zeros,0.3749512732028961
40,P08,P08-20240613-123547,stock_ac,mean,stock_ac:mean,0.37960901856422424
41,P08,P08-20240613-123547,stock_ac,real,stock_ac:real,0.7519958019256592
41,P08,P08-20240613-123547,stock_ac,mask,stock_ac:mask,0.7628291845321655
41,P08,P08-20240613-123547,stock_ac,zeros,stock_ac:zeros,0.7593241930007935
41,P08,P08-20240613-123547,stock_ac,mean,stock_ac:mean,0.7633673548698425
42,P08,P08-20240613-123547,stock_ac,real,stock_ac:real,0.49625271558761597
42,P08,P08-20240613-123547,stock_ac,mask,stock_ac:mask,0.4898073673248291
42,P08,P08-20240613-123547,stock_ac,zeros,stock_ac:zeros,0.49239182472229004
42,P08,P08-20240613-123547,stock_ac,mean,stock_ac:mean,0.4943326711654663
43,P08,P08-20240613-123547,stock_ac,real,stock_ac:real,0.6011860966682434
43,P08,P08-20240613-123547,stock_ac,mask,stock_ac:mask,0.5698719024658203
43,P08,P08-20240613-123547,stock_ac,zeros,stock_ac:zeros,0.5968883633613586
43,P08,P08-20240613-123547,stock_ac,mean,stock_ac:mean,0.5898916125297546
44,P08,P08-20240613-123547,stock_ac,real,stock_ac:real,0.3133956789970398
44,P08,P08-20240613-123547,stock_ac,mask,stock_ac:mask,0.33879098296165466
44,P08,P08-20240613-123547,stock_ac,zeros,stock_ac:zeros,0.3293667733669281
44,P08,P08-20240613-123547,stock_ac,mean,stock_ac:mean,0.3318161070346832
45,P08,P08-20240613-123547,stock_ac,real,stock_ac:real,0.7765582799911499
45,P08,P08-20240613-123547,stock_ac,mask,stock_ac:mask,0.7670636773109436
45,P08,P08-20240613-123547,stock_ac,zeros,stock_ac:zeros,0.7999895215034485
45,P08,P08-20240613-123547,stock_ac,mean,stock_ac:mean,0.8218488097190857
46,P08,P08-20240613-123547,stock_ac,real,stock_ac:real,0.5065175890922546
46,P08,P08-20240613-123547,stock_ac,mask,stock_ac:mask,0.4790017902851105
46,P08,P08-20240613-123547,stock_ac,zeros,stock_ac:zeros,0.4846601188182831
46,P08,P08-20240613-123547,stock_ac,mean,stock_ac:mean,0.5021121501922607
47,P08,P08-20240613-123547,stock_ac,real,stock_ac:real,0.7730012536048889
47,P08,P08-20240613-123547,stock_ac,mask,stock_ac:mask,0.7737470269203186
47,P08,P08-20240613-123547,stock_ac,zeros,stock_ac:zeros,0.7887206077575684
47,P08,P08-20240613-123547,stock_ac,mean,stock_ac:mean,0.7912853360176086
48,P08,P08-20240614-085000,stock_ac,real,stock_ac:real,0.5762421488761902
48,P08,P08-20240614-085000,stock_ac,mask,stock_ac:mask,0.5843177437782288
48,P08,P08-20240614-085000,stock_ac,zeros,stock_ac:zeros,0.5761922001838684
48,P08,P08-20240614-085000,stock_ac,mean,stock_ac:mean,0.5761666297912598
49,P08,P08-20240614-085000,stock_ac,real,stock_ac:real,0.7055711150169373
49,P08,P08-20240614-085000,stock_ac,mask,stock_ac:mask,0.6689736247062683
49,P08,P08-20240614-085000,stock_ac,zeros,stock_ac:zeros,0.6971029043197632
49,P08,P08-20240614-085000,stock_ac,mean,stock_ac:mean,0.6974260807037354
50,P08,P08-20240614-085000,stock_ac,real,stock_ac:real,0.4697527587413788
50,P08,P08-20240614-085000,stock_ac,mask,stock_ac:mask,0.47831016778945923
50,P08,P08-20240614-085000,stock_ac,zeros,stock_ac:zeros,0.4651183485984802
50,P08,P08-20240614-085000,stock_ac,mean,stock_ac:mean,0.4688743054866791
51,P08,P08-20240614-085000,stock_ac,real,stock_ac:real,0.5132432579994202
51,P08,P08-20240614-085000,stock_ac,mask,stock_ac:mask,0.5019551515579224
51,P08,P08-20240614-085000,stock_ac,zeros,stock_ac:zeros,0.49399322271347046
51,P08,P08-20240614-085000,stock_ac,mean,stock_ac:mean,0.5148400664329529
52,P08,P08-20240614-085000,stock_ac,real,stock_ac:real,0.6793038249015808
52,P08,P08-20240614-085000,stock_ac,mask,stock_ac:mask,0.6511707305908203
52,P08,P08-20240614-085000,stock_ac,zeros,stock_ac:zeros,0.671639621257782
52,P08,P08-20240614-085000,stock_ac,mean,stock_ac:mean,0.6756166219711304
53,P08,P08-20240614-085000,stock_ac,real,stock_ac:real,0.6166725158691406
53,P08,P08-20240614-085000,stock_ac,mask,stock_ac:mask,0.6179254055023193
53,P08,P08-20240614-085000,stock_ac,zeros,stock_ac:zeros,0.6167445182800293
53,P08,P08-20240614-085000,stock_ac,mean,stock_ac:mean,0.6142894625663757
54,P08,P08-20240614-085000,stock_ac,real,stock_ac:real,0.4477482736110687
54,P08,P08-20240614-085000,stock_ac,mask,stock_ac:mask,0.43685317039489746
54,P08,P08-20240614-085000,stock_ac,zeros,stock_ac:zeros,0.442449152469635
54,P08,P08-20240614-085000,stock_ac,mean,stock_ac:mean,0.4448511600494385
55,P08,P08-20240614-085000,stock_ac,real,stock_ac:real,0.5434545874595642
55,P08,P08-20240614-085000,stock_ac,mask,stock_ac:mask,0.49485546350479126
55,P08,P08-20240614-085000,stock_ac,zeros,stock_ac:zeros,0.5024495720863342
55,P08,P08-20240614-085000,stock_ac,mean,stock_ac:mean,0.5178204774856567
56,P08,P08-20240614-085000,stock_ac,real,stock_ac:real,0.599092423915863
56,P08,P08-20240614-085000,stock_ac,mask,stock_ac:mask,0.6093257069587708
56,P08,P08-20240614-085000,stock_ac,zeros,stock_ac:zeros,0.5965766310691833
56,P08,P08-20240614-085000,stock_ac,mean,stock_ac:mean,0.6002166867256165
57,P08,P08-20240614-085000,stock_ac,real,stock_ac:real,0.4612458646297455
57,P08,P08-20240614-085000,stock_ac,mask,stock_ac:mask,0.46537452936172485
57,P08,P08-20240614-085000,stock_ac,zeros,stock_ac:zeros,0.4589804410934448
57,P08,P08-20240614-085000,stock_ac,mean,stock_ac:mean,0.46188750863075256
58,P08,P08-20240614-085000,stock_ac,real,stock_ac:real,0.6797822117805481
58,P08,P08-20240614-085000,stock_ac,mask,stock_ac:mask,0.6690236330032349
58,P08,P08-20240614-085000,stock_ac,zeros,stock_ac:zeros,0.6791912913322449
58,P08,P08-20240614-085000,stock_ac,mean,stock_ac:mean,0.6739336252212524
59,P08,P08-20240614-085000,stock_ac,real,stock_ac:real,0.7358425259590149
59,P08,P08-20240614-085000,stock_ac,mask,stock_ac:mask,0.7093038558959961
59,P08,P08-20240614-085000,stock_ac,zeros,stock_ac:zeros,0.7021965384483337
59,P08,P08-20240614-085000,stock_ac,mean,stock_ac:mean,0.7070341110229492
60,P08,P08-20240614-085000,stock_ac,real,stock_ac:real,0.7607631683349609
60,P08,P08-20240614-085000,stock_ac,mask,stock_ac:mask,0.7375795245170593
60,P08,P08-20240614-085000,stock_ac,zeros,stock_ac:zeros,0.768359899520874
60,P08,P08-20240614-085000,stock_ac,mean,stock_ac:mean,0.7758684158325195
61,P08,P08-20240614-085000,stock_ac,real,stock_ac:real,0.6833280324935913
61,P08,P08-20240614-085000,stock_ac,mask,stock_ac:mask,0.6807363629341125
61,P08,P08-20240614-085000,stock_ac,zeros,stock_ac:zeros,0.683712899684906
61,P08,P08-20240614-085000,stock_ac,mean,stock_ac:mean,0.6922025680541992
62,P08,P08-20240614-085000,stock_ac,real,stock_ac:real,0.7201876044273376
62,P08,P08-20240614-085000,stock_ac,mask,stock_ac:mask,0.7229965925216675
62,P08,P08-20240614-085000,stock_ac,zeros,stock_ac:zeros,0.7239874005317688
62,P08,P08-20240614-085000,stock_ac,mean,stock_ac:mean,0.7242121696472168
63,P08,P08-20240614-085000,stock_ac,real,stock_ac:real,0.7302442193031311
63,P08,P08-20240614-085000,stock_ac,mask,stock_ac:mask,0.7239499092102051
63,P08,P08-20240614-085000,stock_ac,zeros,stock_ac:zeros,0.7314761281013489
63,P08,P08-20240614-085000,stock_ac,mean,stock_ac:mean,0.72657710313797
64,P08,P08-20240614-085000,stock_ac,real,stock_ac:real,0.62660151720047
64,P08,P08-20240614-085000,stock_ac,mask,stock_ac:mask,0.6334472894668579
64,P08,P08-20240614-085000,stock_ac,zeros,stock_ac:zeros,0.6316443681716919
64,P08,P08-20240614-085000,stock_ac,mean,stock_ac:mean,0.6273319721221924
65,P08,P08-20240614-085000,stock_ac,real,stock_ac:real,0.5533376932144165
65,P08,P08-20240614-085000,stock_ac,mask,stock_ac:mask,0.5571096539497375
65,P08,P08-20240614-085000,stock_ac,zeros,stock_ac:zeros,0.5551236271858215
65,P08,P08-20240614-085000,stock_ac,mean,stock_ac:mean,0.5520333051681519
66,P08,P08-20240614-085000,stock_ac,real,stock_ac:real,0.6896004676818848
66,P08,P08-20240614-085000,stock_ac,mask,stock_ac:mask,0.7017920613288879
66,P08,P08-20240614-085000,stock_ac,zeros,stock_ac:zeros,0.6899493932723999
66,P08,P08-20240614-085000,stock_ac,mean,stock_ac:mean,0.6900308132171631
67,P08,P08-20240614-085000,stock_ac,real,stock_ac:real,0.7156667113304138
67,P08,P08-20240614-085000,stock_ac,mask,stock_ac:mask,0.7225257754325867
67,P08,P08-20240614-085000,stock_ac,zeros,stock_ac:zeros,0.7276296615600586
67,P08,P08-20240614-085000,stock_ac,mean,stock_ac:mean,0.7357271313667297
68,P08,P08-20240614-085000,stock_ac,real,stock_ac:real,0.813216507434845
68,P08,P08-20240614-085000,stock_ac,mask,stock_ac:mask,0.8114781379699707
68,P08,P08-20240614-085000,stock_ac,zeros,stock_ac:zeros,0.8112552165985107
68,P08,P08-20240614-085000,stock_ac,mean,stock_ac:mean,0.8092748522758484
69,P08,P08-20240614-085000,stock_ac,real,stock_ac:real,0.3883197605609894
69,P08,P08-20240614-085000,stock_ac,mask,stock_ac:mask,0.399310827255249
69,P08,P08-20240614-085000,stock_ac,zeros,stock_ac:zeros,0.38582485914230347
69,P08,P08-20240614-085000,stock_ac,mean,stock_ac:mean,0.38781315088272095
70,P08,P08-20240614-085000,stock_ac,real,stock_ac:real,0.5591519474983215
70,P08,P08-20240614-085000,stock_ac,mask,stock_ac:mask,0.5715417861938477
70,P08,P08-20240614-085000,stock_ac,zeros,stock_ac:zeros,0.5661090612411499
70,P08,P08-20240614-085000,stock_ac,mean,stock_ac:mean,0.5602893829345703
71,P08,P08-20240614-085000,stock_ac,real,stock_ac:real,0.49204689264297485
71,P08,P08-20240614-085000,stock_ac,mask,stock_ac:mask,0.5079473853111267
71,P08,P08-20240614-085000,stock_ac,zeros,stock_ac:zeros,0.49337905645370483
71,P08,P08-20240614-085000,stock_ac,mean,stock_ac:mean,0.49366483092308044
72,P08,P08-20240614-125650,stock_ac,real,stock_ac:real,0.4293588399887085
72,P08,P08-20240614-125650,stock_ac,mask,stock_ac:mask,0.4475436806678772
72,P08,P08-20240614-125650,stock_ac,zeros,stock_ac:zeros,0.43342193961143494
72,P08,P08-20240614-125650,stock_ac,mean,stock_ac:mean,0.4312973618507385
73,P08,P08-20240614-125650,stock_ac,real,stock_ac:real,0.5293447375297546
73,P08,P08-20240614-125650,stock_ac,mask,stock_ac:mask,0.5309274792671204
73,P08,P08-20240614-125650,stock_ac,zeros,stock_ac:zeros,0.5294280648231506
73,P08,P08-20240614-125650,stock_ac,mean,stock_ac:mean,0.5346863865852356
74,P08,P08-20240614-125650,stock_ac,real,stock_ac:real,0.5897684097290039
74,P08,P08-20240614-125650,stock_ac,mask,stock_ac:mask,0.5931439995765686
74,P08,P08-20240614-125650,stock_ac,zeros,stock_ac:zeros,0.5869425535202026
74,P08,P08-20240614-125650,stock_ac,mean,stock_ac:mean,0.5827507972717285
75,P08,P08-20240614-125650,stock_ac,real,stock_ac:real,0.5371904373168945
75,P08,P08-20240614-125650,stock_ac,mask,stock_ac:mask,0.5389500856399536
75,P08,P08-20240614-125650,stock_ac,zeros,stock_ac:zeros,0.5296568870544434
75,P08,P08-20240614-125650,stock_ac,mean,stock_ac:mean,0.5292506217956543
76,P08,P08-20240614-125650,stock_ac,real,stock_ac:real,0.6353403329849243
76,P08,P08-20240614-125650,stock_ac,mask,stock_ac:mask,0.6447567939758301
76,P08,P08-20240614-125650,stock_ac,zeros,stock_ac:zeros,0.6433385014533997
76,P08,P08-20240614-125650,stock_ac,mean,stock_ac:mean,0.6434587836265564
77,P08,P08-20240614-125650,stock_ac,real,stock_ac:real,0.6504921913146973
77,P08,P08-20240614-125650,stock_ac,mask,stock_ac:mask,0.6448822617530823
77,P08,P08-20240614-125650,stock_ac,zeros,stock_ac:zeros,0.6374214291572571
77,P08,P08-20240614-125650,stock_ac,mean,stock_ac:mean,0.6442530155181885
78,P08,P08-20240614-125650,stock_ac,real,stock_ac:real,1.0059008598327637
78,P08,P08-20240614-125650,stock_ac,mask,stock_ac:mask,1.023021936416626
78,P08,P08-20240614-125650,stock_ac,zeros,stock_ac:zeros,1.010512351989746
78,P08,P08-20240614-125650,stock_ac,mean,stock_ac:mean,1.0075170993804932
79,P08,P08-20240614-125650,stock_ac,real,stock_ac:real,0.5836296081542969
79,P08,P08-20240614-125650,stock_ac,mask,stock_ac:mask,0.5655965805053711
79,P08,P08-20240614-125650,stock_ac,zeros,stock_ac:zeros,0.5808240175247192
79,P08,P08-20240614-125650,stock_ac,mean,stock_ac:mean,0.5912554860115051
80,P08,P08-20240614-125650,stock_ac,real,stock_ac:real,0.7335349321365356
80,P08,P08-20240614-125650,stock_ac,mask,stock_ac:mask,0.6837419271469116
80,P08,P08-20240614-125650,stock_ac,zeros,stock_ac:zeros,0.7137521505355835
80,P08,P08-20240614-125650,stock_ac,mean,stock_ac:mean,0.7270037531852722
81,P08,P08-20240614-125650,stock_ac,real,stock_ac:real,0.5174698829650879
81,P08,P08-20240614-125650,stock_ac,mask,stock_ac:mask,0.4908789098262787
81,P08,P08-20240614-125650,stock_ac,zeros,stock_ac:zeros,0.5077880024909973
81,P08,P08-20240614-125650,stock_ac,mean,stock_ac:mean,0.5287950038909912
82,P08,P08-20240614-125650,stock_ac,real,stock_ac:real,0.5674512982368469
82,P08,P08-20240614-125650,stock_ac,mask,stock_ac:mask,0.557826042175293
82,P08,P08-20240614-125650,stock_ac,zeros,stock_ac:zeros,0.5643641948699951
82,P08,P08-20240614-125650,stock_ac,mean,stock_ac:mean,0.5642168521881104
83,P08,P08-20240614-125650,stock_ac,real,stock_ac:real,0.7175672650337219
83,P08,P08-20240614-125650,stock_ac,mask,stock_ac:mask,0.7054109573364258
83,P08,P08-20240614-125650,stock_ac,zeros,stock_ac:zeros,0.7180380821228027
83,P08,P08-20240614-125650,stock_ac,mean,stock_ac:mean,0.7177140712738037
84,P08,P08-20240614-125650,stock_ac,real,stock_ac:real,0.6629083156585693
84,P08,P08-20240614-125650,stock_ac,mask,stock_ac:mask,0.6356906294822693
84,P08,P08-20240614-125650,stock_ac,zeros,stock_ac:zeros,0.6427304744720459
84,P08,P08-20240614-125650,stock_ac,mean,stock_ac:mean,0.6416933536529541
85,P08,P08-20240614-125650,stock_ac,real,stock_ac:real,0.3557352125644684
85,P08,P08-20240614-125650,stock_ac,mask,stock_ac:mask,0.3597276210784912
85,P08,P08-20240614-125650,stock_ac,zeros,stock_ac:zeros,0.36117199063301086
85,P08,P08-20240614-125650,stock_ac,mean,stock_ac:mean,0.3590033948421478
86,P08,P08-20240614-125650,stock_ac,real,stock_ac:real,0.8052533864974976
86,P08,P08-20240614-125650,stock_ac,mask,stock_ac:mask,0.7832915782928467
86,P08,P08-20240614-125650,stock_ac,zeros,stock_ac:zeros,0.786567211151123
86,P08,P08-20240614-125650,stock_ac,mean,stock_ac:mean,0.7963641881942749
87,P08,P08-20240614-125650,stock_ac,real,stock_ac:real,0.6930788159370422
87,P08,P08-20240614-125650,stock_ac,mask,stock_ac:mask,0.6978980302810669
87,P08,P08-20240614-125650,stock_ac,zeros,stock_ac:zeros,0.6923444271087646
87,P08,P08-20240614-125650,stock_ac,mean,stock_ac:mean,0.6904118657112122
88,P08,P08-20240614-125650,stock_ac,real,stock_ac:real,0.6380342245101929
88,P08,P08-20240614-125650,stock_ac,mask,stock_ac:mask,0.6051562428474426
88,P08,P08-20240614-125650,stock_ac,zeros,stock_ac:zeros,0.6147133111953735
88,P08,P08-20240614-125650,stock_ac,mean,stock_ac:mean,0.6114978194236755
89,P08,P08-20240614-125650,stock_ac,real,stock_ac:real,0.695183515548706
89,P08,P08-20240614-125650,stock_ac,mask,stock_ac:mask,0.6813399791717529
89,P08,P08-20240614-125650,stock_ac,zeros,stock_ac:zeros,0.6731853485107422
89,P08,P08-20240614-125650,stock_ac,mean,stock_ac:mean,0.6873958110809326
90,P08,P08-20240614-125650,stock_ac,real,stock_ac:real,0.5950552225112915
90,P08,P08-20240614-125650,stock_ac,mask,stock_ac:mask,0.5980115532875061
90,P08,P08-20240614-125650,stock_ac,zeros,stock_ac:zeros,0.6037501096725464
90,P08,P08-20240614-125650,stock_ac,mean,stock_ac:mean,0.5986324548721313
91,P08,P08-20240614-125650,stock_ac,real,stock_ac:real,0.6838840842247009
91,P08,P08-20240614-125650,stock_ac,mask,stock_ac:mask,0.67218017578125
91,P08,P08-20240614-125650,stock_ac,zeros,stock_ac:zeros,0.6896927952766418
91,P08,P08-20240614-125650,stock_ac,mean,stock_ac:mean,0.6904181838035583
92,P08,P08-20240614-125650,stock_ac,real,stock_ac:real,0.6892697215080261
92,P08,P08-20240614-125650,stock_ac,mask,stock_ac:mask,0.692980170249939
92,P08,P08-20240614-125650,stock_ac,zeros,stock_ac:zeros,0.6839810013771057
92,P08,P08-20240614-125650,stock_ac,mean,stock_ac:mean,0.6860730648040771
93,P08,P08-20240614-125650,stock_ac,real,stock_ac:real,0.8657797574996948
93,P08,P08-20240614-125650,stock_ac,mask,stock_ac:mask,0.8663119077682495
93,P08,P08-20240614-125650,stock_ac,zeros,stock_ac:zeros,0.8765477538108826
93,P08,P08-20240614-125650,stock_ac,mean,stock_ac:mean,0.8670436143875122
94,P08,P08-20240614-125650,stock_ac,real,stock_ac:real,0.6327275633811951
94,P08,P08-20240614-125650,stock_ac,mask,stock_ac:mask,0.6276071071624756
94,P08,P08-20240614-125650,stock_ac,zeros,stock_ac:zeros,0.6301559209823608
94,P08,P08-20240614-125650,stock_ac,mean,stock_ac:mean,0.6419162154197693
95,P08,P08-20240614-125650,stock_ac,real,stock_ac:real,0.595832347869873
95,P08,P08-20240614-125650,stock_ac,mask,stock_ac:mask,0.5836749076843262
95,P08,P08-20240614-125650,stock_ac,zeros,stock_ac:zeros,0.5964128375053406
95,P08,P08-20240614-125650,stock_ac,mean,stock_ac:mean,0.5958254337310791
0,P08,P08-20240613-122900,finetuned,real,finetuned:real,0.5779038071632385
0,P08,P08-20240613-122900,finetuned,mask,finetuned:mask,0.5119134187698364
0,P08,P08-20240613-122900,finetuned,zeros,finetuned:zeros,0.6152395009994507
0,P08,P08-20240613-122900,finetuned,mean,finetuned:mean,0.6580484509468079
1,P08,P08-20240613-122900,finetuned,real,finetuned:real,0.6249710321426392
1,P08,P08-20240613-122900,finetuned,mask,finetuned:mask,0.5444091558456421
1,P08,P08-20240613-122900,finetuned,zeros,finetuned:zeros,0.6673138737678528
1,P08,P08-20240613-122900,finetuned,mean,finetuned:mean,0.7059596180915833
2,P08,P08-20240613-122900,finetuned,real,finetuned:real,0.5865045189857483
2,P08,P08-20240613-122900,finetuned,mask,finetuned:mask,0.4914877414703369
2,P08,P08-20240613-122900,finetuned,zeros,finetuned:zeros,0.5525291562080383
2,P08,P08-20240613-122900,finetuned,mean,finetuned:mean,0.6059767007827759
3,P08,P08-20240613-122900,finetuned,real,finetuned:real,0.5546955466270447
3,P08,P08-20240613-122900,finetuned,mask,finetuned:mask,0.4822731912136078
3,P08,P08-20240613-122900,finetuned,zeros,finetuned:zeros,0.5566365718841553
3,P08,P08-20240613-122900,finetuned,mean,finetuned:mean,0.5582530498504639
4,P08,P08-20240613-122900,finetuned,real,finetuned:real,0.6779897212982178
4,P08,P08-20240613-122900,finetuned,mask,finetuned:mask,0.5602809190750122
4,P08,P08-20240613-122900,finetuned,zeros,finetuned:zeros,0.6550582051277161
4,P08,P08-20240613-122900,finetuned,mean,finetuned:mean,0.6768890023231506
5,P08,P08-20240613-122900,finetuned,real,finetuned:real,0.6290517449378967
5,P08,P08-20240613-122900,finetuned,mask,finetuned:mask,0.5139007568359375
5,P08,P08-20240613-122900,finetuned,zeros,finetuned:zeros,0.6184731125831604
5,P08,P08-20240613-122900,finetuned,mean,finetuned:mean,0.6769482493400574
6,P08,P08-20240613-122900,finetuned,real,finetuned:real,0.5615399479866028
6,P08,P08-20240613-122900,finetuned,mask,finetuned:mask,0.48705223202705383
6,P08,P08-20240613-122900,finetuned,zeros,finetuned:zeros,0.5825338363647461
6,P08,P08-20240613-122900,finetuned,mean,finetuned:mean,0.6079901456832886
7,P08,P08-20240613-122900,finetuned,real,finetuned:real,0.3862454891204834
7,P08,P08-20240613-122900,finetuned,mask,finetuned:mask,0.33762040734291077
7,P08,P08-20240613-122900,finetuned,zeros,finetuned:zeros,0.3631247282028198
7,P08,P08-20240613-122900,finetuned,mean,finetuned:mean,0.3921962380409241
8,P08,P08-20240613-122900,finetuned,real,finetuned:real,0.37011513113975525
8,P08,P08-20240613-122900,finetuned,mask,finetuned:mask,0.31361255049705505
8,P08,P08-20240613-122900,finetuned,zeros,finetuned:zeros,0.349751740694046
8,P08,P08-20240613-122900,finetuned,mean,finetuned:mean,0.37695175409317017
9,P08,P08-20240613-122900,finetuned,real,finetuned:real,0.630526602268219
9,P08,P08-20240613-122900,finetuned,mask,finetuned:mask,0.5701902508735657
9,P08,P08-20240613-122900,finetuned,zeros,finetuned:zeros,0.7175520062446594
9,P08,P08-20240613-122900,finetuned,mean,finetuned:mean,0.7511149644851685
10,P08,P08-20240613-122900,finetuned,real,finetuned:real,0.5301309823989868
10,P08,P08-20240613-122900,finetuned,mask,finetuned:mask,0.4323732256889343
10,P08,P08-20240613-122900,finetuned,zeros,finetuned:zeros,0.4932878911495209
10,P08,P08-20240613-122900,finetuned,mean,finetuned:mean,0.5365148186683655
11,P08,P08-20240613-122900,finetuned,real,finetuned:real,0.6870121955871582
11,P08,P08-20240613-122900,finetuned,mask,finetuned:mask,0.6146841049194336
11,P08,P08-20240613-122900,finetuned,zeros,finetuned:zeros,0.7454487681388855
11,P08,P08-20240613-122900,finetuned,mean,finetuned:mean,0.7515522837638855
12,P08,P08-20240613-122900,finetuned,real,finetuned:real,0.684729278087616
12,P08,P08-20240613-122900,finetuned,mask,finetuned:mask,0.5223138928413391
12,P08,P08-20240613-122900,finetuned,zeros,finetuned:zeros,0.6353471279144287
12,P08,P08-20240613-122900,finetuned,mean,finetuned:mean,0.6783081293106079
13,P08,P08-20240613-122900,finetuned,real,finetuned:real,0.3938184380531311
13,P08,P08-20240613-122900,finetuned,mask,finetuned:mask,0.3161531984806061
13,P08,P08-20240613-122900,finetuned,zeros,finetuned:zeros,0.354178786277771
13,P08,P08-20240613-122900,finetuned,mean,finetuned:mean,0.400162935256958
14,P08,P08-20240613-122900,finetuned,real,finetuned:real,0.504357635974884
14,P08,P08-20240613-122900,finetuned,mask,finetuned:mask,0.4230504631996155
14,P08,P08-20240613-122900,finetuned,zeros,finetuned:zeros,0.49832138419151306
14,P08,P08-20240613-122900,finetuned,mean,finetuned:mean,0.5307916402816772
15,P08,P08-20240613-122900,finetuned,real,finetuned:real,0.6319406032562256
15,P08,P08-20240613-122900,finetuned,mask,finetuned:mask,0.5084407329559326
15,P08,P08-20240613-122900,finetuned,zeros,finetuned:zeros,0.586197018623352
15,P08,P08-20240613-122900,finetuned,mean,finetuned:mean,0.6330190300941467
16,P08,P08-20240613-122900,finetuned,real,finetuned:real,0.32229113578796387
16,P08,P08-20240613-122900,finetuned,mask,finetuned:mask,0.30006587505340576
16,P08,P08-20240613-122900,finetuned,zeros,finetuned:zeros,0.3197803497314453
16,P08,P08-20240613-122900,finetuned,mean,finetuned:mean,0.33582398295402527
17,P08,P08-20240613-122900,finetuned,real,finetuned:real,0.39340025186538696
17,P08,P08-20240613-122900,finetuned,mask,finetuned:mask,0.3613358438014984
17,P08,P08-20240613-122900,finetuned,zeros,finetuned:zeros,0.3684820830821991
17,P08,P08-20240613-122900,finetuned,mean,finetuned:mean,0.39240312576293945
18,P08,P08-20240613-122900,finetuned,real,finetuned:real,0.4540373682975769
18,P08,P08-20240613-122900,finetuned,mask,finetuned:mask,0.42788732051849365
18,P08,P08-20240613-122900,finetuned,zeros,finetuned:zeros,0.49034103751182556
18,P08,P08-20240613-122900,finetuned,mean,finetuned:mean,0.5225823521614075
19,P08,P08-20240613-122900,finetuned,real,finetuned:real,0.7054810523986816
19,P08,P08-20240613-122900,finetuned,mask,finetuned:mask,0.6031172871589661
19,P08,P08-20240613-122900,finetuned,zeros,finetuned:zeros,0.762900173664093
19,P08,P08-20240613-122900,finetuned,mean,finetuned:mean,0.8311917185783386
20,P08,P08-20240613-122900,finetuned,real,finetuned:real,0.771166205406189
20,P08,P08-20240613-122900,finetuned,mask,finetuned:mask,0.5870966911315918
20,P08,P08-20240613-122900,finetuned,zeros,finetuned:zeros,0.7122149467468262
20,P08,P08-20240613-122900,finetuned,mean,finetuned:mean,0.7702784538269043
21,P08,P08-20240613-122900,finetuned,real,finetuned:real,0.6919285655021667
21,P08,P08-20240613-122900,finetuned,mask,finetuned:mask,0.5694983005523682
21,P08,P08-20240613-122900,finetuned,zeros,finetuned:zeros,0.6818118095397949
21,P08,P08-20240613-122900,finetuned,mean,finetuned:mean,0.7431178092956543
22,P08,P08-20240613-122900,finetuned,real,finetuned:real,0.537409245967865
22,P08,P08-20240613-122900,finetuned,mask,finetuned:mask,0.45625561475753784
22,P08,P08-20240613-122900,finetuned,zeros,finetuned:zeros,0.5504682064056396
22,P08,P08-20240613-122900,finetuned,mean,finetuned:mean,0.5745715498924255
23,P08,P08-20240613-122900,finetuned,real,finetuned:real,0.6310569047927856
23,P08,P08-20240613-122900,finetuned,mask,finetuned:mask,0.6266822218894958
23,P08,P08-20240613-122900,finetuned,zeros,finetuned:zeros,0.742319643497467
23,P08,P08-20240613-122900,finetuned,mean,finetuned:mean,0.7976438403129578
24,P08,P08-20240613-123547,finetuned,real,finetuned:real,0.5251955986022949
24,P08,P08-20240613-123547,finetuned,mask,finetuned:mask,0.423765629529953
24,P08,P08-20240613-123547,finetuned,zeros,finetuned:zeros,0.4987061321735382
24,P08,P08-20240613-123547,finetuned,mean,finetuned:mean,0.5378327369689941
25,P08,P08-20240613-123547,finetuned,real,finetuned:real,0.38357752561569214
25,P08,P08-20240613-123547,finetuned,mask,finetuned:mask,0.3583369553089142
25,P08,P08-20240613-123547,finetuned,zeros,finetuned:zeros,0.38311681151390076
25,P08,P08-20240613-123547,finetuned,mean,finetuned:mean,0.4075293242931366
26,P08,P08-20240613-123547,finetuned,real,finetuned:real,0.547298789024353
26,P08,P08-20240613-123547,finetuned,mask,finetuned:mask,0.5229095220565796
26,P08,P08-20240613-123547,finetuned,zeros,finetuned:zeros,0.5903811454772949
26,P08,P08-20240613-123547,finetuned,mean,finetuned:mean,0.6063244938850403
27,P08,P08-20240613-123547,finetuned,real,finetuned:real,0.6429705023765564
27,P08,P08-20240613-123547,finetuned,mask,finetuned:mask,0.5504091382026672
27,P08,P08-20240613-123547,finetuned,zeros,finetuned:zeros,0.6411516070365906
27,P08,P08-20240613-123547,finetuned,mean,finetuned:mean,0.7065455317497253
28,P08,P08-20240613-123547,finetuned,real,finetuned:real,0.4114784896373749
28,P08,P08-20240613-123547,finetuned,mask,finetuned:mask,0.3804415464401245
28,P08,P08-20240613-123547,finetuned,zeros,finetuned:zeros,0.4061470031738281
28,P08,P08-20240613-123547,finetuned,mean,finetuned:mean,0.4317268133163452
29,P08,P08-20240613-123547,finetuned,real,finetuned:real,0.527082622051239
29,P08,P08-20240613-123547,finetuned,mask,finetuned:mask,0.460334837436676
29,P08,P08-20240613-123547,finetuned,zeros,finetuned:zeros,0.5282395482063293
29,P08,P08-20240613-123547,finetuned,mean,finetuned:mean,0.5444036722183228
30,P08,P08-20240613-123547,finetuned,real,finetuned:real,0.7033382654190063
30,P08,P08-20240613-123547,finetuned,mask,finetuned:mask,0.5531848669052124
30,P08,P08-20240613-123547,finetuned,zeros,finetuned:zeros,0.679470419883728
30,P08,P08-20240613-123547,finetuned,mean,finetuned:mean,0.6916096806526184
31,P08,P08-20240613-123547,finetuned,real,finetuned:real,0.5849155187606812
31,P08,P08-20240613-123547,finetuned,mask,finetuned:mask,0.48687103390693665
31,P08,P08-20240613-123547,finetuned,zeros,finetuned:zeros,0.5653889775276184
31,P08,P08-20240613-123547,finetuned,mean,finetuned:mean,0.5860432982444763
32,P08,P08-20240613-123547,finetuned,real,finetuned:real,0.5318067669868469
32,P08,P08-20240613-123547,finetuned,mask,finetuned:mask,0.5180155038833618
32,P08,P08-20240613-123547,finetuned,zeros,finetuned:zeros,0.5994833111763
32,P08,P08-20240613-123547,finetuned,mean,finetuned:mean,0.650102436542511
33,P08,P08-20240613-123547,finetuned,real,finetuned:real,0.7609870433807373
33,P08,P08-20240613-123547,finetuned,mask,finetuned:mask,0.6087718605995178
33,P08,P08-20240613-123547,finetuned,zeros,finetuned:zeros,0.7367799878120422
33,P08,P08-20240613-123547,finetuned,mean,finetuned:mean,0.7617366313934326
34,P08,P08-20240613-123547,finetuned,real,finetuned:real,0.7059586644172668
34,P08,P08-20240613-123547,finetuned,mask,finetuned:mask,0.560782253742218
34,P08,P08-20240613-123547,finetuned,zeros,finetuned:zeros,0.6898930668830872
34,P08,P08-20240613-123547,finetuned,mean,finetuned:mean,0.7261061072349548
35,P08,P08-20240613-123547,finetuned,real,finetuned:real,0.6291543841362
35,P08,P08-20240613-123547,finetuned,mask,finetuned:mask,0.5855439305305481
35,P08,P08-20240613-123547,finetuned,zeros,finetuned:zeros,0.6706336736679077
35,P08,P08-20240613-123547,finetuned,mean,finetuned:mean,0.6806514859199524
36,P08,P08-20240613-123547,finetuned,real,finetuned:real,0.33671069145202637
36,P08,P08-20240613-123547,finetuned,mask,finetuned:mask,0.30934181809425354
36,P08,P08-20240613-123547,finetuned,zeros,finetuned:zeros,0.3358587324619293
36,P08,P08-20240613-123547,finetuned,mean,finetuned:mean,0.36003056168556213
37,P08,P08-20240613-123547,finetuned,real,finetuned:real,0.3189867436885834
37,P08,P08-20240613-123547,finetuned,mask,finetuned:mask,0.29176920652389526
37,P08,P08-20240613-123547,finetuned,zeros,finetuned:zeros,0.31026914715766907
37,P08,P08-20240613-123547,finetuned,mean,finetuned:mean,0.3266300559043884
38,P08,P08-20240613-123547,finetuned,real,finetuned:real,0.8640336394309998
38,P08,P08-20240613-123547,finetuned,mask,finetuned:mask,0.6645889282226562
38,P08,P08-20240613-123547,finetuned,zeros,finetuned:zeros,0.8496475219726562
38,P08,P08-20240613-123547,finetuned,mean,finetuned:mean,0.8659531474113464
39,P08,P08-20240613-123547,finetuned,real,finetuned:real,0.6625117659568787
39,P08,P08-20240613-123547,finetuned,mask,finetuned:mask,0.570000410079956
39,P08,P08-20240613-123547,finetuned,zeros,finetuned:zeros,0.6817334890365601
39,P08,P08-20240613-123547,finetuned,mean,finetuned:mean,0.6721785068511963
40,P08,P08-20240613-123547,finetuned,real,finetuned:real,0.3612348735332489
40,P08,P08-20240613-123547,finetuned,mask,finetuned:mask,0.2920592129230499
40,P08,P08-20240613-123547,finetuned,zeros,finetuned:zeros,0.34874969720840454
40,P08,P08-20240613-123547,finetuned,mean,finetuned:mean,0.36378636956214905
41,P08,P08-20240613-123547,finetuned,real,finetuned:real,0.6915189623832703
41,P08,P08-20240613-123547,finetuned,mask,finetuned:mask,0.568882167339325
41,P08,P08-20240613-123547,finetuned,zeros,finetuned:zeros,0.6822528839111328
41,P08,P08-20240613-123547,finetuned,mean,finetuned:mean,0.7469338774681091
42,P08,P08-20240613-123547,finetuned,real,finetuned:real,0.4758731722831726
42,P08,P08-20240613-123547,finetuned,mask,finetuned:mask,0.4058570861816406
42,P08,P08-20240613-123547,finetuned,zeros,finetuned:zeros,0.4621100127696991
42,P08,P08-20240613-123547,finetuned,mean,finetuned:mean,0.48845353722572327
43,P08,P08-20240613-123547,finetuned,real,finetuned:real,0.5738325119018555
43,P08,P08-20240613-123547,finetuned,mask,finetuned:mask,0.4601614773273468
43,P08,P08-20240613-123547,finetuned,zeros,finetuned:zeros,0.5517534017562866
43,P08,P08-20240613-123547,finetuned,mean,finetuned:mean,0.5727106332778931
44,P08,P08-20240613-123547,finetuned,real,finetuned:real,0.2776245176792145
44,P08,P08-20240613-123547,finetuned,mask,finetuned:mask,0.2726016938686371
44,P08,P08-20240613-123547,finetuned,zeros,finetuned:zeros,0.2761903405189514
44,P08,P08-20240613-123547,finetuned,mean,finetuned:mean,0.28090721368789673
45,P08,P08-20240613-123547,finetuned,real,finetuned:real,0.6480765342712402
45,P08,P08-20240613-123547,finetuned,mask,finetuned:mask,0.5838456749916077
45,P08,P08-20240613-123547,finetuned,zeros,finetuned:zeros,0.7523587346076965
45,P08,P08-20240613-123547,finetuned,mean,finetuned:mean,0.8161305785179138
46,P08,P08-20240613-123547,finetuned,real,finetuned:real,0.49485501646995544
46,P08,P08-20240613-123547,finetuned,mask,finetuned:mask,0.39395394921302795
46,P08,P08-20240613-123547,finetuned,zeros,finetuned:zeros,0.4597468972206116
46,P08,P08-20240613-123547,finetuned,mean,finetuned:mean,0.49755018949508667
47,P08,P08-20240613-123547,finetuned,real,finetuned:real,0.6638957262039185
47,P08,P08-20240613-123547,finetuned,mask,finetuned:mask,0.6111422181129456
47,P08,P08-20240613-123547,finetuned,zeros,finetuned:zeros,0.7400996685028076
47,P08,P08-20240613-123547,finetuned,mean,finetuned:mean,0.7577806115150452
48,P08,P08-20240614-085000,finetuned,real,finetuned:real,0.5148178339004517
48,P08,P08-20240614-085000,finetuned,mask,finetuned:mask,0.4602202773094177
48,P08,P08-20240614-085000,finetuned,zeros,finetuned:zeros,0.5202841758728027
48,P08,P08-20240614-085000,finetuned,mean,finetuned:mean,0.5446242690086365
49,P08,P08-20240614-085000,finetuned,real,finetuned:real,0.6518572568893433
49,P08,P08-20240614-085000,finetuned,mask,finetuned:mask,0.5432100892066956
49,P08,P08-20240614-085000,finetuned,zeros,finetuned:zeros,0.6491659283638
49,P08,P08-20240614-085000,finetuned,mean,finetuned:mean,0.6841203570365906
50,P08,P08-20240614-085000,finetuned,real,finetuned:real,0.4526948630809784
50,P08,P08-20240614-085000,finetuned,mask,finetuned:mask,0.3977797329425812
50,P08,P08-20240614-085000,finetuned,zeros,finetuned:zeros,0.4342975318431854
50,P08,P08-20240614-085000,finetuned,mean,finetuned:mean,0.4597063958644867
51,P08,P08-20240614-085000,finetuned,real,finetuned:real,0.5054939985275269
51,P08,P08-20240614-085000,finetuned,mask,finetuned:mask,0.4123965799808502
51,P08,P08-20240614-085000,finetuned,zeros,finetuned:zeros,0.468240886926651
51,P08,P08-20240614-085000,finetuned,mean,finetuned:mean,0.516082227230072
52,P08,P08-20240614-085000,finetuned,real,finetuned:real,0.652521014213562
52,P08,P08-20240614-085000,finetuned,mask,finetuned:mask,0.5439378023147583
52,P08,P08-20240614-085000,finetuned,zeros,finetuned:zeros,0.63616943359375
52,P08,P08-20240614-085000,finetuned,mean,finetuned:mean,0.660966694355011
53,P08,P08-20240614-085000,finetuned,real,finetuned:real,0.5258151888847351
53,P08,P08-20240614-085000,finetuned,mask,finetuned:mask,0.4784967303276062
53,P08,P08-20240614-085000,finetuned,zeros,finetuned:zeros,0.5660035014152527
53,P08,P08-20240614-085000,finetuned,mean,finetuned:mean,0.589888334274292
54,P08,P08-20240614-085000,finetuned,real,finetuned:real,0.4245243966579437
54,P08,P08-20240614-085000,finetuned,mask,finetuned:mask,0.38571956753730774
54,P08,P08-20240614-085000,finetuned,zeros,finetuned:zeros,0.4168519377708435
54,P08,P08-20240614-085000,finetuned,mean,finetuned:mean,0.4360863268375397
55,P08,P08-20240614-085000,finetuned,real,finetuned:real,0.44910895824432373
55,P08,P08-20240614-085000,finetuned,mask,finetuned:mask,0.40810656547546387
55,P08,P08-20240614-085000,finetuned,zeros,finetuned:zeros,0.47318702936172485
55,P08,P08-20240614-085000,finetuned,mean,finetuned:mean,0.5223418474197388
56,P08,P08-20240614-085000,finetuned,real,finetuned:real,0.4676339626312256
56,P08,P08-20240614-085000,finetuned,mask,finetuned:mask,0.4569939374923706
56,P08,P08-20240614-085000,finetuned,zeros,finetuned:zeros,0.5013980269432068
56,P08,P08-20240614-085000,finetuned,mean,finetuned:mean,0.49201497435569763
57,P08,P08-20240614-085000,finetuned,real,finetuned:real,0.4279082715511322
57,P08,P08-20240614-085000,finetuned,mask,finetuned:mask,0.40606316924095154
57,P08,P08-20240614-085000,finetuned,zeros,finetuned:zeros,0.422910213470459
57,P08,P08-20240614-085000,finetuned,mean,finetuned:mean,0.433409184217453
58,P08,P08-20240614-085000,finetuned,real,finetuned:real,0.6034086346626282
58,P08,P08-20240614-085000,finetuned,mask,finetuned:mask,0.5272539258003235
58,P08,P08-20240614-085000,finetuned,zeros,finetuned:zeros,0.6430713534355164
58,P08,P08-20240614-085000,finetuned,mean,finetuned:mean,0.6723218560218811
59,P08,P08-20240614-085000,finetuned,real,finetuned:real,0.6644960045814514
59,P08,P08-20240614-085000,finetuned,mask,finetuned:mask,0.5587034225463867
59,P08,P08-20240614-085000,finetuned,zeros,finetuned:zeros,0.6509427428245544
59,P08,P08-20240614-085000,finetuned,mean,finetuned:mean,0.7150943279266357
60,P08,P08-20240614-085000,finetuned,real,finetuned:real,0.7505784034729004
60,P08,P08-20240614-085000,finetuned,mask,finetuned:mask,0.5876617431640625
60,P08,P08-20240614-085000,finetuned,zeros,finetuned:zeros,0.7245408892631531
60,P08,P08-20240614-085000,finetuned,mean,finetuned:mean,0.7472087144851685
61,P08,P08-20240614-085000,finetuned,real,finetuned:real,0.6634592413902283
61,P08,P08-20240614-085000,finetuned,mask,finetuned:mask,0.5404528975486755
61,P08,P08-20240614-085000,finetuned,zeros,finetuned:zeros,0.6300204992294312
61,P08,P08-20240614-085000,finetuned,mean,finetuned:mean,0.6806711554527283
62,P08,P08-20240614-085000,finetuned,real,finetuned:real,0.5980767607688904
62,P08,P08-20240614-085000,finetuned,mask,finetuned:mask,0.5298887491226196
62,P08,P08-20240614-085000,finetuned,zeros,finetuned:zeros,0.612743616104126
62,P08,P08-20240614-085000,finetuned,mean,finetuned:mean,0.6054211258888245
63,P08,P08-20240614-085000,finetuned,real,finetuned:real,0.6775614619255066
63,P08,P08-20240614-085000,finetuned,mask,finetuned:mask,0.5530405044555664
63,P08,P08-20240614-085000,finetuned,zeros,finetuned:zeros,0.6679181456565857
63,P08,P08-20240614-085000,finetuned,mean,finetuned:mean,0.6592307090759277
64,P08,P08-20240614-085000,finetuned,real,finetuned:real,0.5941797494888306
64,P08,P08-20240614-085000,finetuned,mask,finetuned:mask,0.4935508370399475
64,P08,P08-20240614-085000,finetuned,zeros,finetuned:zeros,0.5822068452835083
64,P08,P08-20240614-085000,finetuned,mean,finetuned:mean,0.6191498041152954
65,P08,P08-20240614-085000,finetuned,real,finetuned:real,0.5342133641242981
65,P08,P08-20240614-085000,finetuned,mask,finetuned:mask,0.4795171618461609
65,P08,P08-20240614-085000,finetuned,zeros,finetuned:zeros,0.5206112861633301
65,P08,P08-20240614-085000,finetuned,mean,finetuned:mean,0.5407767295837402
66,P08,P08-20240614-085000,finetuned,real,finetuned:real,0.6235440373420715
66,P08,P08-20240614-085000,finetuned,mask,finetuned:mask,0.5445873737335205
66,P08,P08-20240614-085000,finetuned,zeros,finetuned:zeros,0.6346330642700195
66,P08,P08-20240614-085000,finetuned,mean,finetuned:mean,0.6646005511283875
67,P08,P08-20240614-085000,finetuned,real,finetuned:real,0.7064254879951477
67,P08,P08-20240614-085000,finetuned,mask,finetuned:mask,0.5561991930007935
67,P08,P08-20240614-085000,finetuned,zeros,finetuned:zeros,0.6891124844551086
67,P08,P08-20240614-085000,finetuned,mean,finetuned:mean,0.7133039236068726
68,P08,P08-20240614-085000,finetuned,real,finetuned:real,0.688736081123352
68,P08,P08-20240614-085000,finetuned,mask,finetuned:mask,0.6094728708267212
68,P08,P08-20240614-085000,finetuned,zeros,finetuned:zeros,0.7563548684120178
68,P08,P08-20240614-085000,finetuned,mean,finetuned:mean,0.7783538699150085
69,P08,P08-20240614-085000,finetuned,real,finetuned:real,0.34963107109069824
69,P08,P08-20240614-085000,finetuned,mask,finetuned:mask,0.31853246688842773
69,P08,P08-20240614-085000,finetuned,zeros,finetuned:zeros,0.3457249402999878
69,P08,P08-20240614-085000,finetuned,mean,finetuned:mean,0.3556250035762787
70,P08,P08-20240614-085000,finetuned,real,finetuned:real,0.5402514338493347
70,P08,P08-20240614-085000,finetuned,mask,finetuned:mask,0.470464289188385
70,P08,P08-20240614-085000,finetuned,zeros,finetuned:zeros,0.5354364514350891
70,P08,P08-20240614-085000,finetuned,mean,finetuned:mean,0.5689202547073364
71,P08,P08-20240614-085000,finetuned,real,finetuned:real,0.4713362157344818
71,P08,P08-20240614-085000,finetuned,mask,finetuned:mask,0.42602479457855225
71,P08,P08-20240614-085000,finetuned,zeros,finetuned:zeros,0.44362467527389526
71,P08,P08-20240614-085000,finetuned,mean,finetuned:mean,0.48524928092956543
72,P08,P08-20240614-125650,finetuned,real,finetuned:real,0.38202762603759766
72,P08,P08-20240614-125650,finetuned,mask,finetuned:mask,0.3547564148902893
72,P08,P08-20240614-125650,finetuned,zeros,finetuned:zeros,0.3871873617172241
72,P08,P08-20240614-125650,finetuned,mean,finetuned:mean,0.42017436027526855
73,P08,P08-20240614-125650,finetuned,real,finetuned:real,0.5195183753967285
73,P08,P08-20240614-125650,finetuned,mask,finetuned:mask,0.42920711636543274
73,P08,P08-20240614-125650,finetuned,zeros,finetuned:zeros,0.4920625686645508
73,P08,P08-20240614-125650,finetuned,mean,finetuned:mean,0.5318198204040527
74,P08,P08-20240614-125650,finetuned,real,finetuned:real,0.5446355938911438
74,P08,P08-20240614-125650,finetuned,mask,finetuned:mask,0.4771859645843506
74,P08,P08-20240614-125650,finetuned,zeros,finetuned:zeros,0.5317792296409607
74,P08,P08-20240614-125650,finetuned,mean,finetuned:mean,0.570203423500061
75,P08,P08-20240614-125650,finetuned,real,finetuned:real,0.4534675180912018
75,P08,P08-20240614-125650,finetuned,mask,finetuned:mask,0.4303297698497772
75,P08,P08-20240614-125650,finetuned,zeros,finetuned:zeros,0.4790107309818268
75,P08,P08-20240614-125650,finetuned,mean,finetuned:mean,0.5056915283203125
76,P08,P08-20240614-125650,finetuned,real,finetuned:real,0.5941457748413086
76,P08,P08-20240614-125650,finetuned,mask,finetuned:mask,0.51441490650177
76,P08,P08-20240614-125650,finetuned,zeros,finetuned:zeros,0.6112502813339233
76,P08,P08-20240614-125650,finetuned,mean,finetuned:mean,0.633776843547821
77,P08,P08-20240614-125650,finetuned,real,finetuned:real,0.5341391563415527
77,P08,P08-20240614-125650,finetuned,mask,finetuned:mask,0.49008023738861084
77,P08,P08-20240614-125650,finetuned,zeros,finetuned:zeros,0.5606846809387207
77,P08,P08-20240614-125650,finetuned,mean,finetuned:mean,0.6535630226135254
78,P08,P08-20240614-125650,finetuned,real,finetuned:real,0.9025852084159851
78,P08,P08-20240614-125650,finetuned,mask,finetuned:mask,0.7184740900993347
78,P08,P08-20240614-125650,finetuned,zeros,finetuned:zeros,0.9500052332878113
78,P08,P08-20240614-125650,finetuned,mean,finetuned:mean,0.966088593006134
79,P08,P08-20240614-125650,finetuned,real,finetuned:real,0.5647530555725098
79,P08,P08-20240614-125650,finetuned,mask,finetuned:mask,0.4626917541027069
79,P08,P08-20240614-125650,finetuned,zeros,finetuned:zeros,0.5492998361587524
79,P08,P08-20240614-125650,finetuned,mean,finetuned:mean,0.5652167201042175
80,P08,P08-20240614-125650,finetuned,real,finetuned:real,0.6619669795036316
80,P08,P08-20240614-125650,finetuned,mask,finetuned:mask,0.5126990675926208
80,P08,P08-20240614-125650,finetuned,zeros,finetuned:zeros,0.6661073565483093
80,P08,P08-20240614-125650,finetuned,mean,finetuned:mean,0.6987167000770569
81,P08,P08-20240614-125650,finetuned,real,finetuned:real,0.5061817169189453
81,P08,P08-20240614-125650,finetuned,mask,finetuned:mask,0.4034349322319031
81,P08,P08-20240614-125650,finetuned,zeros,finetuned:zeros,0.48212695121765137
81,P08,P08-20240614-125650,finetuned,mean,finetuned:mean,0.5105324983596802
82,P08,P08-20240614-125650,finetuned,real,finetuned:real,0.5479236245155334
82,P08,P08-20240614-125650,finetuned,mask,finetuned:mask,0.4628179967403412
82,P08,P08-20240614-125650,finetuned,zeros,finetuned:zeros,0.5306306481361389
82,P08,P08-20240614-125650,finetuned,mean,finetuned:mean,0.5565797686576843
83,P08,P08-20240614-125650,finetuned,real,finetuned:real,0.5780792236328125
83,P08,P08-20240614-125650,finetuned,mask,finetuned:mask,0.5351039171218872
83,P08,P08-20240614-125650,finetuned,zeros,finetuned:zeros,0.6612532734870911
83,P08,P08-20240614-125650,finetuned,mean,finetuned:mean,0.6973965764045715
84,P08,P08-20240614-125650,finetuned,real,finetuned:real,0.6141641139984131
84,P08,P08-20240614-125650,finetuned,mask,finetuned:mask,0.5319317579269409
84,P08,P08-20240614-125650,finetuned,zeros,finetuned:zeros,0.6160662770271301
84,P08,P08-20240614-125650,finetuned,mean,finetuned:mean,0.6420083045959473
85,P08,P08-20240614-125650,finetuned,real,finetuned:real,0.33588552474975586
85,P08,P08-20240614-125650,finetuned,mask,finetuned:mask,0.2948644161224365
85,P08,P08-20240614-125650,finetuned,zeros,finetuned:zeros,0.3285861015319824
85,P08,P08-20240614-125650,finetuned,mean,finetuned:mean,0.346353679895401
86,P08,P08-20240614-125650,finetuned,real,finetuned:real,0.7709912657737732
86,P08,P08-20240614-125650,finetuned,mask,finetuned:mask,0.6020229458808899
86,P08,P08-20240614-125650,finetuned,zeros,finetuned:zeros,0.7386478185653687
86,P08,P08-20240614-125650,finetuned,mean,finetuned:mean,0.7944186925888062
87,P08,P08-20240614-125650,finetuned,real,finetuned:real,0.6533693075180054
87,P08,P08-20240614-125650,finetuned,mask,finetuned:mask,0.5479485392570496
87,P08,P08-20240614-125650,finetuned,zeros,finetuned:zeros,0.6416427493095398
87,P08,P08-20240614-125650,finetuned,mean,finetuned:mean,0.6485551595687866
88,P08,P08-20240614-125650,finetuned,real,finetuned:real,0.5995351076126099
88,P08,P08-20240614-125650,finetuned,mask,finetuned:mask,0.5120235681533813
88,P08,P08-20240614-125650,finetuned,zeros,finetuned:zeros,0.5900577306747437
88,P08,P08-20240614-125650,finetuned,mean,finetuned:mean,0.6249468922615051
89,P08,P08-20240614-125650,finetuned,real,finetuned:real,0.6624531745910645
89,P08,P08-20240614-125650,finetuned,mask,finetuned:mask,0.5296111702919006
89,P08,P08-20240614-125650,finetuned,zeros,finetuned:zeros,0.6308425068855286
89,P08,P08-20240614-125650,finetuned,mean,finetuned:mean,0.6892481446266174
90,P08,P08-20240614-125650,finetuned,real,finetuned:real,0.5744524598121643
90,P08,P08-20240614-125650,finetuned,mask,finetuned:mask,0.4785970449447632
90,P08,P08-20240614-125650,finetuned,zeros,finetuned:zeros,0.5541999936103821
90,P08,P08-20240614-125650,finetuned,mean,finetuned:mean,0.5591716170310974
91,P08,P08-20240614-125650,finetuned,real,finetuned:real,0.6191539764404297
91,P08,P08-20240614-125650,finetuned,mask,finetuned:mask,0.5463727116584778
91,P08,P08-20240614-125650,finetuned,zeros,finetuned:zeros,0.6495314836502075
91,P08,P08-20240614-125650,finetuned,mean,finetuned:mean,0.6761366128921509
92,P08,P08-20240614-125650,finetuned,real,finetuned:real,0.5728376507759094
92,P08,P08-20240614-125650,finetuned,mask,finetuned:mask,0.5270625352859497
92,P08,P08-20240614-125650,finetuned,zeros,finetuned:zeros,0.6312444806098938
92,P08,P08-20240614-125650,finetuned,mean,finetuned:mean,0.6598623394966125
93,P08,P08-20240614-125650,finetuned,real,finetuned:real,0.821740984916687
93,P08,P08-20240614-125650,finetuned,mask,finetuned:mask,0.704075038433075
93,P08,P08-20240614-125650,finetuned,zeros,finetuned:zeros,0.8349660634994507
93,P08,P08-20240614-125650,finetuned,mean,finetuned:mean,0.8557385206222534
94,P08,P08-20240614-125650,finetuned,real,finetuned:real,0.5905877947807312
94,P08,P08-20240614-125650,finetuned,mask,finetuned:mask,0.5168181657791138
94,P08,P08-20240614-125650,finetuned,zeros,finetuned:zeros,0.5896548628807068
94,P08,P08-20240614-125650,finetuned,mean,finetuned:mean,0.6409294009208679
95,P08,P08-20240614-125650,finetuned,real,finetuned:real,0.5702086687088013
95,P08,P08-20240614-125650,finetuned,mask,finetuned:mask,0.4771789312362671
95,P08,P08-20240614-125650,finetuned,zeros,finetuned:zeros,0.5634618997573853
95,P08,P08-20240614-125650,finetuned,mean,finetuned:mean,0.5856414437294006
