seconds_before,input,n_test,top1,top1_lo,top1_hi,top5,top5_lo,top5_hi,cv_top1,weight,alpha
0.5,frequency guess,4044,0.09297725024727992,0.07411602471430538,0.11344553342401262,0.336053412462908,0.30541865413773583,0.3703193868723047,,,
0.5,scene,4044,0.13031651829871416,0.11303554329836535,0.15108908331098486,0.3785855588526212,0.3430765222554074,0.41905641174643404,0.19867315347191508,0.0,3.0
0.5,angles,4044,0.12091988130563798,0.10411845806773025,0.14099689638041835,0.36177052423343226,0.3314632703449448,0.3971690342610849,0.20097302078726229,1.0,1.0
0.5,gaze point,4044,0.1847181008902077,0.16662297238640902,0.20689815493422256,0.435459940652819,0.40105242045943723,0.47306597449659343,0.2719150818222026,3.0,1.0
0.5,head point,4044,0.1414441147378833,0.12186636697766469,0.16212891031776305,0.36968348170128584,0.3352112072185885,0.40487957224724463,0.23962848297213624,3.0,1.0
0.5,gaze history 1 s,4044,0.18916913946587538,0.1710651331361698,0.21237278320465927,0.4245796241345203,0.3910201254234029,0.4603223090980249,0.2716497125165856,3.0,1.0
0.5,gaze history 3 s,4044,0.18818001978239368,0.1691292270531401,0.21123601557936902,0.43694362017804156,0.40574770084268225,0.4719178441920391,0.27492260061919505,3.0,1.0
0.5,gaze history 6 s,4044,0.19114737883283878,0.17179653483182858,0.2133692016891148,0.43768545994065283,0.40692653029694964,0.4722311632403704,0.2722689075630252,3.0,1.0
0.5,head history 1 s,4044,0.13550939663699307,0.1177002135497395,0.1557450862201734,0.36572700296735905,0.3348449636264762,0.39850231076747067,0.23706324635117204,3.0,1.0
0.5,head history 3 s,4044,0.13501483679525222,0.11714647778240163,0.15443010092277548,0.3642433234421365,0.3339361629064936,0.39675930611785876,0.2385670057496683,3.0,1.0
0.5,head history 6 s,4044,0.13303659742828883,0.11471618250487506,0.1517655365173763,0.36894164193867457,0.33664304367247366,0.40454449624782135,0.24086687306501547,3.0,1.0
1.0,frequency guess,4044,0.09297725024727992,0.07411602471430538,0.11344553342401262,0.336053412462908,0.30541865413773583,0.3703193868723047,,,
1.0,scene,4044,0.11078140454995054,0.09505525638015928,0.12886769929783107,0.34396636993076163,0.30810404198274444,0.38471847308819695,0.1665929399274529,0.0,3.0
1.0,angles,4044,0.10880316518298715,0.09131185275868497,0.12877928999295277,0.3414935707220574,0.3085988942749355,0.37951564463197,0.1692471025391489,3.0,1.0
1.0,gaze point,4044,0.13254203758654798,0.11758697978743533,0.1509525152986854,0.35410484668644904,0.3193638970283212,0.39393372193813736,0.20083163761833142,3.0,1.0
1.0,head point,4044,0.10905044510385757,0.09315916873829887,0.1266410652969008,0.32270029673590506,0.2913042798062796,0.3578227346857839,0.18322569229408123,3.0,1.0
1.0,gaze history 1 s,4044,0.13353115727002968,0.11725054445297617,0.15150228888800937,0.3600395647873393,0.3282318443829832,0.396416790441472,0.20083163761833142,3.0,1.0
1.0,gaze history 3 s,4044,0.1337784371909001,0.11787154393837555,0.15110531958620535,0.3649851632047478,0.3333333333333333,0.40133279991369375,0.20782093249579758,3.0,1.0
1.0,gaze history 6 s,4044,0.12734915924826903,0.11220472440944881,0.14337573072019646,0.3664688427299703,0.3364571462060012,0.3998878957165273,0.20861718127930637,3.0,1.0
1.0,head history 1 s,4044,0.1162215628090999,0.09945287108747194,0.13502742868486586,0.3518793273986152,0.3180524934758243,0.39084297962579273,0.18411041316464655,3.0,3.0
1.0,head history 3 s,4044,0.10534124629080119,0.09134402251139793,0.12190156636209351,0.33382789317507416,0.30328803316305514,0.36896814563169905,0.1863222153410599,3.0,1.0
1.0,head history 6 s,4044,0.11646884272997032,0.09929841117871313,0.13588236080200697,0.3454500494559842,0.31198975340844554,0.38540404907055215,0.1910997080421127,3.0,3.0
2.0,frequency guess,4044,0.09297725024727992,0.07411602471430538,0.11344553342401262,0.336053412462908,0.30541865413773583,0.3703193868723047,,,
2.0,scene,4044,0.09272997032640949,0.07954470364437324,0.10810829398862412,0.31305637982195844,0.2823817134811399,0.3488677554694931,0.1325077399380805,0.0,3.0
2.0,angles,4044,0.09446092977250248,0.0813824771164611,0.11020328577227115,0.31305637982195844,0.28132872086293303,0.3500739732695535,0.13348076072534276,0.3,3.0
2.0,gaze point,4044,0.10361028684470822,0.08931308102937163,0.12104980190496865,0.32443125618199803,0.29741358978529603,0.3571000508555975,0.1502874834144184,1.0,3.0
2.0,head point,4044,0.09099901088031652,0.07929480492870515,0.10508392733122913,0.3125618199802176,0.2840222330412204,0.3453415563122965,0.14736842105263157,3.0,3.0
2.0,gaze history 1 s,4044,0.10311572700296735,0.08837195162187385,0.12014019642874633,0.32467853610286845,0.2948503300957291,0.3576870289751722,0.15479876160990713,3.0,3.0
2.0,gaze history 3 s,4044,0.11127596439169139,0.09619517090944324,0.1298614238818679,0.3241839762611276,0.2958400277042388,0.35764861005936865,0.16116762494471473,3.0,3.0
2.0,gaze history 6 s,4044,0.11003956478733927,0.09562824094787767,0.12816781405004452,0.32467853610286845,0.2969687587953842,0.3561054428909322,0.15913312693498452,3.0,3.0
2.0,head history 1 s,4044,0.08778437190900099,0.0742088755515153,0.1045018403391492,0.31132542037586547,0.27828172047042304,0.3493824490457082,0.14807607253427688,3.0,3.0
2.0,head history 3 s,4044,0.08778437190900099,0.0738022484041064,0.10485469005600874,0.3189910979228487,0.2863920376611671,0.3570772049570636,0.15612560813799203,3.0,3.0
2.0,head history 6 s,4044,0.08803165182987141,0.0763851039505441,0.10176452699789244,0.31206726013847674,0.2808914653825178,0.3491730149558793,0.1576293675364883,3.0,3.0
4.0,frequency guess,4042,0.09302325581395349,0.07416771515114508,0.11345322156879778,0.3359722909450767,0.30531078046929355,0.3703192081889089,,,
4.0,scene,4042,0.07991093518060366,0.07071400688564995,0.09146074457446421,0.30009896091044036,0.2724965506552492,0.3302279247391952,0.11926037335220738,0.0,3.0
4.0,angles,4042,0.08461157842652152,0.07406584284182768,0.09779290872448847,0.3065314200890648,0.277748097895035,0.3380965895129982,0.11970273378749005,1.0,3.0
4.0,gaze point,4042,0.08634339435922811,0.07438361988785841,0.09997557003257329,0.3033151904997526,0.2774145981095496,0.33478954323758014,0.12439175440148634,3.0,3.0
4.0,head point,4042,0.07941613062840178,0.067958545430349,0.09169585601333287,0.2929242949035131,0.26149929529013344,0.3288567456185012,0.1243032823144298,1.0,3.0
4.0,gaze history 1 s,4042,0.0900544285007422,0.0779361277634911,0.10438444475770339,0.3020781791192479,0.2735252380422841,0.33175560167376955,0.1280191099708042,1.0,3.0
4.0,gaze history 3 s,4042,0.08881741712023751,0.07714048224482012,0.1016419559373226,0.29861454725383474,0.2749998457171069,0.3242897921141289,0.12819605414491728,3.0,3.0
4.0,gaze history 6 s,4042,0.08560118753092529,0.0733151106326751,0.09934410126224372,0.3023255813953488,0.2767651011069816,0.3299712541624106,0.1356277094576661,3.0,3.0
4.0,head history 1 s,4042,0.07842652152399802,0.06577417918100938,0.09248417593604649,0.29440870856011875,0.2633262546950522,0.32853525078761053,0.12474564274971246,1.0,3.0
4.0,head history 3 s,4042,0.08906481939633845,0.0735453257583159,0.10574507197944456,0.3020781791192479,0.266769267543325,0.34439142556044383,0.12846147040608688,3.0,10.0
4.0,head history 6 s,4042,0.08114794656110837,0.06847422056347643,0.0943101735543734,0.2924294903513112,0.2643634559244287,0.3237958968004148,0.12970007962487834,1.0,3.0
